{"results":[{"gender":"male","name":{"title":"Mr","first":"Bradley","last":"Parker"},"location":{"street":{"number":4207,"name":"Cherry St"},"city":"Denton","state":"Ohio","country":"United States","postcode":72790,"coordinates":{"latitude":"86.6067","longitude":"-74.1458"},"timezone":{"offset":"-12:00","description":"Eniwetok, Kwajalein"}},"email":"bradley.parker@example.com","login":{"uuid":"1a0613ab-9596-446a-bcef-ecc2ed34914e","username":"tinywolf941","password":"ross","salt":"KtJApAPR","md5":"409267a9fce942a00cb35f6640d06392","sha1":"5aca2b48b5c5188524ed2d994dd2ee989465f638","sha256":"a0bfb2a6f8af504f5a4df8e8c489885c5ade407c60ae4faa5fa0512e20cd842e"},"dob":{"date":"1987-09-18T20:42:33.134Z","age":34},"registered":{"date":"2015-10-18T21:54:54.179Z","age":6},"phone":"(882)-260-2855","cell":"(398)-755-2566","id":{"name":"SSN","value":"754-16-8772"},"picture":{"large":"https://randomuser.me/api/portraits/men/13.jpg","medium":"https://randomuser.me/api/portraits/med/men/13.jpg","thumbnail":"https://randomuser.me/api/portraits/thumb/men/13.jpg"},"nat":"US"},{"gender":"male","name":{"title":"Mr","first":"Hector","last":"James"},"location":{"street":{"number":9043,"name":"Depaul Dr"},"city":"Bundaberg","state":"New South Wales","country":"Australia","postcode":7467,"coordinates":{"latitude":"4.3698","longitude":"30.3774"},"timezone":{"offset":"-5:00","description":"Eastern Time (US & Canada), Bogota, Lima"}},"email":"hector.james@example.com","login":{"uuid":"5feb8949-9ac8-4629-9cc4-02674e232c38","username":"bigkoala120","password":"kenny1","salt":"lFiX82Y7","md5":"756a87cd4637010c1163ae484e7ade6d","sha1":"8140c26b283d75b527025205672ccfb98001657a","sha256":"40e6b2676bb7118b86376b2b2e382049a01f80f9e3beaa35dc2f6bf5ad84e4fc"},"dob":{"date":"1989-04-06T13:13:52.224Z","age":32},"registered":{"date":"2007-10-28T06:42:02.880Z","age":14},"phone":"08-6995-1452","cell":"0466-345-712","id":{"name":"TFN","value":"293329457"},"picture":{"large":"https://randomuser.me/api/portraits/men/4.jpg","medium":"https://randomuser.me/api/portraits/med/men/4.jpg","thumbnail":"https://randomuser.me/api/portraits/thumb/men/4.jpg"},"nat":"AU"},{"gender":"female","name":{"title":"Miss","first":"Sedef","last":"Yeşilkaya"},"location":{"street":{"number":3809,"name":"Anafartalar Cd"},"city":"Bursa","state":"Kayseri","country":"Turkey","postcode":22845,"coordinates":{"latitude":"-65.8812","longitude":"106.9252"},"timezone":{"offset":"-5:00","description":"Eastern Time (US & Canada), Bogota, Lima"}},"email":"sedef.yesilkaya@example.com","login":{"uuid":"fddf8170-d50d-49ef-9278-4aa669b143f5","username":"bigkoala304","password":"737373","salt":"cykkvt2g","md5":"64984c7c5cf4b46a3f1ce7c5a5a0a54e","sha1":"417418633f29df7389b78aafb820b8e3a26be092","sha256":"0c391ace5095e79b0e74a8027260c25ade4efa62718ab62498d54f2732ed28a6"},"dob":{"date":"1960-01-30T00:14:57.834Z","age":61},"registered":{"date":"2017-01-04T03:47:17.621Z","age":4},"phone":"(730)-397-0700","cell":"(360)-280-9518","id":{"name":"","value":null},"picture":{"large":"https://randomuser.me/api/portraits/women/50.jpg","medium":"https://randomuser.me/api/portraits/med/women/50.jpg","thumbnail":"https://randomuser.me/api/portraits/thumb/women/50.jpg"},"nat":"TR"},{"gender":"female","name":{"title":"Mrs","first":"Heather","last":"Curtis"},"location":{"street":{"number":5345,"name":"North Road"},"city":"Carrick-on-Suir","state":"Monaghan","country":"Ireland","postcode":73192,"coordinates":{"latitude":"-35.6566","longitude":"-77.0483"},"timezone":{"offset":"+7:00","description":"Bangkok, Hanoi, Jakarta"}},"email":"heather.curtis@example.com","login":{"uuid":"f78cbe9e-d046-4137-a062-255d102634d8","username":"blackrabbit373","password":"marriage","salt":"gsWrh7kp","md5":"99a75bc86bbae1ad50c875e04e08c040","sha1":"3735ea0877c146cb03d6db19270dd2d280a0fc8a","sha256":"724ba9fc38fac33fcf9a1b91315aa198ba60dd44fefe1550ed56608090d0d190"},"dob":{"date":"1952-01-16T20:07:37.952Z","age":69},"registered":{"date":"2010-12-10T15:34:55.525Z","age":11},"phone":"021-555-6017","cell":"081-119-2014","id":{"name":"PPS","value":"7645022T"},"picture":{"large":"https://randomuser.me/api/portraits/women/95.jpg","medium":"https://randomuser.me/api/portraits/med/women/95.jpg","thumbnail":"https://randomuser.me/api/portraits/thumb/women/95.jpg"},"nat":"IE"},{"gender":"female","name":{"title":"Mrs","first":"Olivia","last":"Lemke"},"location":{"street":{"number":1238,"name":"Danziger Straße"},"city":"Haltern am See","state":"Saarland","country":"Germany","postcode":81792,"coordinates":{"latitude":"42.3040","longitude":"-50.1796"},"timezone":{"offset":"-11:00","description":"Midway Island, Samoa"}},"email":"olivia.lemke@example.com","login":{"uuid":"05fc0b00-5904-4e0e-82da-9638c872bb14","username":"blackmeercat835","password":"aaaaaa1","salt":"gHF4cdup","md5":"052680a0c411d687435fb618c297d597","sha1":"44bb2ca3f6ba0ff2dee650a2378a18ec432ef547","sha256":"325c22b6dafd4835868961325c970c7db2d3a4aabd6b0534a7802dade15df99e"},"dob":{"date":"1946-01-28T07:25:40.933Z","age":75},"registered":{"date":"2005-12-08T13:38:35.980Z","age":16},"phone":"0089-8118626","cell":"0170-7505101","id":{"name":"","value":null},"picture":{"large":"https://randomuser.me/api/portraits/women/94.jpg","medium":"https://randomuser.me/api/portraits/med/women/94.jpg","thumbnail":"https://randomuser.me/api/portraits/thumb/women/94.jpg"},"nat":"DE"},{"gender":"female","name":{"title":"Mrs","first":"Delani","last":"Aragão"},"location":{"street":{"number":5816,"name":"Travessa dos Açorianos"},"city":"São José dos Pinhais","state":"Pernambuco","country":"Brazil","postcode":33351,"coordinates":{"latitude":"51.9961","longitude":"-78.6827"},"timezone":{"offset":"-10:00","description":"Hawaii"}},"email":"delani.aragao@example.com","login":{"uuid":"1e2492c4-27f3-4898-a02b-22f4127cb790","username":"greenzebra103","password":"snapper","salt":"1qI1iphi","md5":"4b4e67ac15727889ba833ef374c9f75a","sha1":"0115160c6e892cadd544109bc0627c08dd1c9d5c","sha256":"035d921b37c6890402e43a511f2c50a7e25bd2e1a46986882741e43db8c6acac"},"dob":{"date":"1998-02-05T08:01:04.174Z","age":23},"registered":{"date":"2008-03-25T02:30:23.492Z","age":13},"phone":"(07) 9534-6682","cell":"(55) 9817-4194","id":{"name":"","value":null},"picture":{"large":"https://randomuser.me/api/portraits/women/72.jpg","medium":"https://randomuser.me/api/portraits/med/women/72.jpg","thumbnail":"https://randomuser.me/api/portraits/thumb/women/72.jpg"},"nat":"BR"},{"gender":"male","name":{"title":"Mr","first":"Jimmy","last":"Daniels"},"location":{"street":{"number":6098,"name":"Poplar Dr"},"city":"Newport News","state":"Connecticut","country":"United States","postcode":63018,"coordinates":{"latitude":"-43.3946","longitude":"-85.5179"},"timezone":{"offset":"-5:00","description":"Eastern Time (US & Canada), Bogota, Lima"}},"email":"jimmy.daniels@example.com","login":{"uuid":"3cc87013-5bc1-488e-8054-029d03f1efe1","username":"brownswan807","password":"gonzo","salt":"32bSPIhs","md5":"4f7a57209fefe3fcdfcdba856c0f06c0","sha1":"dd3064b130d625dd64c8bf81ea708e271a608b54","sha256":"f04f74ad9e05c4af5b1b10bc6571231383c2726a49fa767a08f7aa04aace754e"},"dob":{"date":"1950-07-06T16:29:43.969Z","age":71},"registered":{"date":"2010-12-08T12:53:39.303Z","age":11},"phone":"(242)-692-7509","cell":"(443)-571-5142","id":{"name":"SSN","value":"002-24-7887"},"picture":{"large":"https://randomuser.me/api/portraits/men/5.jpg","medium":"https://randomuser.me/api/portraits/med/men/5.jpg","thumbnail":"https://randomuser.me/api/portraits/thumb/men/5.jpg"},"nat":"US"},{"gender":"male","name":{"title":"Mr","first":"Steve","last":"Herbst"},"location":{"street":{"number":5208,"name":"Gartenstraße"},"city":"Neumarkt I.D.Opf.","state":"Bremen","country":"Germany","postcode":39999,"coordinates":{"latitude":"-69.6163","longitude":"143.9947"},"timezone":{"offset":"-6:00","description":"Central Time (US & Canada), Mexico City"}},"email":"steve.herbst@example.com","login":{"uuid":"b3a1c808-2121-4b30-b19f-d94d48d2412d","username":"crazylion389","password":"joseph1","salt":"ksInAopc","md5":"8e23ef06b8e4f4424811c7c8e6f16860","sha1":"5f535aa77d4b34a50735ddcc32fc86a7015f2497","sha256":"f1f8951a485dc4f39e2e6dddc6a3d4daacfaed12f7013f5f3a868a86fcb40f9b"},"dob":{"date":"1960-01-31T05:49:00.070Z","age":61},"registered":{"date":"2004-07-31T03:29:21.925Z","age":17},"phone":"0325-4381782","cell":"0171-3652807","id":{"name":"","value":null},"picture":{"large":"https://randomuser.me/api/portraits/men/6.jpg","medium":"https://randomuser.me/api/portraits/med/men/6.jpg","thumbnail":"https://randomuser.me/api/portraits/thumb/men/6.jpg"},"nat":"DE"},{"gender":"male","name":{"title":"Mr","first":"Raul","last":"Duran"},"location":{"street":{"number":2856,"name":"Calle Nebrija"},"city":"Barcelona","state":"Comunidad de Madrid","country":"Spain","postcode":73745,"coordinates":{"latitude":"-26.3321","longitude":"172.6687"},"timezone":{"offset":"-3:00","description":"Brazil, Buenos Aires, Georgetown"}},"email":"raul.duran@example.com","login":{"uuid":"0f5b1ce8-56a9-4e49-8fe2-c62f7f48349a","username":"yellowwolf749","password":"jenjen","salt":"6rinx1d9","md5":"aa3e2271b0a674381c266972461ba236","sha1":"cf26da038b9126acf9dd7557c57e58272940523b","sha256":"bb7d20a92f2979a3d83d8d78360f817886f583e34c097ef33ab272ea95ceb044"},"dob":{"date":"1987-05-03T15:00:12.401Z","age":34},"registered":{"date":"2018-09-18T01:26:28.600Z","age":3},"phone":"977-739-466","cell":"640-030-581","id":{"name":"DNI","value":"17089460-G"},"picture":{"large":"https://randomuser.me/api/portraits/men/61.jpg","medium":"https://randomuser.me/api/portraits/med/men/61.jpg","thumbnail":"https://randomuser.me/api/portraits/thumb/men/61.jpg"},"nat":"ES"},{"gender":"female","name":{"title":"Miss","first":"Rose","last":"Jean"},"location":{"street":{"number":3,"name":"Rue de la Barre"},"city":"Montpellier","state":"Seine-et-Marne","country":"France","postcode":31791,"coordinates":{"latitude":"18.8503","longitude":"-131.4752"},"timezone":{"offset":"-3:30","description":"Newfoundland"}},"email":"rose.jean@example.com","login":{"uuid":"9ed0ba81-463d-4c17-8374-af3c90f7668b","username":"browncat291","password":"slow","salt":"2OiNLVx1","md5":"1fec4b012f1622f8784a34c1f9d63f56","sha1":"79aa4f1548f63dc3cf6d07eef4716bebf13881be","sha256":"8e7ffd56ee53d4f7fbb92e3143c054d900df132542d52a4ff33ada7c550e3ece"},"dob":{"date":"1962-11-07T14:27:53.743Z","age":59},"registered":{"date":"2010-08-17T14:41:45.323Z","age":11},"phone":"01-19-55-07-23","cell":"06-56-46-23-79","id":{"name":"INSEE","value":"2NNaN43771454 13"},"picture":{"large":"https://randomuser.me/api/portraits/women/38.jpg","medium":"https://randomuser.me/api/portraits/med/women/38.jpg","thumbnail":"https://randomuser.me/api/portraits/thumb/women/38.jpg"},"nat":"FR"}],"info":{"seed":"a80be0512ad4217c","results":10,"page":1,"version":"1.3"}}
