{"results":[{"gender":"female","name":{"title":"Mrs","first":"النا","last":"کریمی"},"location":{"street":{"number":9920,"name":"فداییان اسلام"},"city":"نجف‌آباد","state":"یزد","country":"Iran","postcode":41945,"coordinates":{"latitude":"28.9895","longitude":"127.2195"},"timezone":{"offset":"-7:00","description":"Mountain Time (US & Canada)"}},"email":"ln.khrymy@example.com","login":{"uuid":"2d72f9cf-5d40-4dbc-a84d-eaee25c9d18d","username":"smalltiger672","password":"datsun","salt":"1rbYTXjH","md5":"31c98167c54b2e6ebc5ed1470d789428","sha1":"aca733bb77b85d74b73109fd3d8e48d98a4c176e","sha256":"28aea25a16879b20c1ee282828c5cbe7cf6272a95a8f3426b26a49d344de8028"},"dob":{"date":"1992-01-26T11:56:30.571Z","age":29},"registered":{"date":"2018-02-07T23:16:29.150Z","age":3},"phone":"037-58158751","cell":"0936-644-2274","id":{"name":"","value":null},"picture":{"large":"https://randomuser.me/api/portraits/women/12.jpg","medium":"https://randomuser.me/api/portraits/med/women/12.jpg","thumbnail":"https://randomuser.me/api/portraits/thumb/women/12.jpg"},"nat":"IR"}],"info":{"seed":"dab2e5bcc8521cd3","results":1,"page":1,"version":"1.3"}}
